Time (S),Voltage,Current,Speed,Lat ,Lon
0,50,0,0,45123456,9123456
100000,50,0,0,45123456,9123456
200000,50,0,0,45123456,9123456
300000,50,0,0,45123456,9123456
400000,50,0,0,45123456,9123456
500000,50,0,0,45123456,9123456
600000,50,0,0,45123456,9123456
700000,50,0,0,45123456,9123456
800000,50,0,0,45123456,9123456
900000,50,0,0,45123456,9123456
1000000,50,0,0,45123456,9123456
1100000,50,0,50,45123456,9123456
1200000,50,0,50,45123456,9123456
1300000,50,0,50,45123456,9123456
1400000,50,0,50,45123456,9123456
1500000,50,0,50,45123456,9123456
1600000,50,0,50,45123456,9123456
1700000,50,0,50,45123456,9123456
1800000,50,0,50,45123456,9123456
1900000,50,0,50,45123456,9123456
2000000,50,0,50,45123456,9123456
2100000,50,0,50,45123456,9123456
2200000,50,0,50,45123456,9123456
2300000,50,0,50,45123456,9123456
2400000,50,0,50,45123456,9123456
2500000,50,0,50,45123456,9123456
2600000,50,0,50,45123456,9123456
2700000,50,0,50,45123456,9123456
2800000,50,0,50,45123456,9123456
2900000,50,0,50,45123456,9123456
3000000,50,0,50,45123456,9123456
3100000,50,0,50,45123456,9123456
3200000,50,0,50,45123456,9123456
3300000,50,0,50,45123456,9123456
3400000,50,0,50,45123456,9123456
3500000,50,0,50,45123456,9123456
3600000,50,0,50,45123456,9123456
3700000,50,0,50,45123456,9123456
3800000,50,0,50,45123456,9123456
3900000,50,0,50,45123456,9123456
4000000,50,0,50,45123456,9123456
4100000,50,0,50,45123456,9123456
4200000,50,0,50,45123456,9123456
4300000,50,0,50,45123456,9123456
4400000,50,0,50,45123456,9123456
4500000,50,0,50,45123456,9123456
4600000,50,0,50,45123456,9123456
4700000,50,0,50,45123456,9123456
4800000,50,0,50,45123456,9123456
4900000,50,0,50,45123456,9123456
5000000,50,0,50,45123456,9123456
5100000,50,1,50,45123456,9123456
5200000,50,2,50,45123456,9123456
5300000,50,3,50,45123456,9123456
5400000,50,4,50,45123456,9123456
5500000,50,5,50,45123456,9123456
5600000,50,6,50,45123456,9123456
5700000,50,7,50,45123456,9123456
5800000,50,8,50,45123456,9123456
5900000,50,9,50,45123456,9123456
6000000,50,10,50,45123456,9123456
6100000,50,11,50,45123456,9123456
6200000,50,12,50,45123456,9123456
6300000,50,13,50,45123456,9123456
6400000,50,14,50,45123456,9123456
6500000,50,15,50,45123456,9123456
6600000,50,16,50,45123456,9123456
6700000,50,17,50,45123456,9123456
6800000,50,18,50,45123456,9123456
6900000,50,19,50,45123456,9123456
7000000,50,20,50,45123456,9123456
7100000,50,21,50,45123456,9123456
7200000,50,22,50,45123456,9123456
7300000,50,23,50,45123456,9123456
7400000,50,24,50,45123456,9123456
7500000,50,25,50,45123456,9123456
7600000,50,26,50,45123456,9123456
7700000,50,27,50,45123456,9123456
7800000,50,28,50,45123456,9123456
7900000,50,29,50,45123456,9123456
8000000,50,30,50,45123456,9123456
8100000,50,31,50,45123456,9123456
8200000,50,32,50,45123456,9123456
8300000,50,33,50,45123456,9123456
8400000,50,34,50,45123456,9123456
8500000,50,35,50,45123456,9123456
8600000,50,36,50,45123456,9123456
8700000,50,37,50,45123456,9123456
8800000,50,38,50,45123456,9123456
8900000,50,39,50,45123456,9123456
9000000,50,40,50,45123456,9123456
9100000,50,41,50,45123456,9123456
9200000,50,42,50,45123456,9123456
9300000,50,43,50,45123456,9123456
9400000,50,44,50,45123456,9123456
9500000,50,45,50,45123456,9123456
9600000,50,46,50,45123456,9123456
9700000,50,47,50,45123456,9123456
9800000,50,48,50,45123456,9123456
9900000,50,49,50,45123456,9123456
10000000,50,50,50,45123456,9123456
10100000,50,51,50,45123456,9123456
10200000,50,52,50,45123456,9123456
10300000,50,53,50,45123456,9123456
10400000,50,54,50,45123456,9123456
10500000,50,55,50,45123456,9123456
10600000,50,56,50,45123456,9123456
10700000,50,57,50,45123456,9123456
10800000,50,58,50,45123456,9123456
10900000,50,59,50,45123456,9123456
11000000,50,60,50,45123456,9123456
11100000,50,61,50,45123456,9123456
11200000,50,62,50,45123456,9123456
11300000,50,63,50,45123456,9123456
11400000,50,64,50,45123456,9123456
11500000,50,65,50,45123456,9123456
11600000,50,66,50,45123456,9123456
11700000,50,67,50,45123456,9123456
11800000,50,68,50,45123456,9123456
11900000,50,69,50,45123456,9123456
12000000,50,70,50,45123456,9123456
12100000,50,71,50,45123456,9123456
12200000,50,72,50,45123456,9123456
12300000,50,73,50,45123456,9123456
12400000,50,74,50,45123456,9123456
12500000,50,75,50,45123456,9123456
12600000,50,76,50,45123456,9123456
12700000,50,77,50,45123456,9123456
12800000,50,78,50,45123456,9123456
12900000,50,79,50,45123456,9123456
13000000,50,80,50,45123456,9123456
13100000,50,81,50,45123456,9123456
13200000,50,82,50,45123456,9123456
13300000,50,83,50,45123456,9123456
13400000,50,84,50,45123456,9123456
13500000,50,85,50,45123456,9123456
13600000,50,86,50,45123456,9123456
13700000,50,87,50,45123456,9123456
13800000,50,88,50,45123456,9123456
13900000,50,89,50,45123456,9123456
14000000,50,90,50,45123456,9123456
14100000,50,91,50,45123456,9123456
14200000,50,92,50,45123456,9123456
14300000,50,93,50,45123456,9123456
14400000,50,94,50,45123456,9123456
14500000,50,95,50,45123456,9123456
14600000,50,96,50,45123456,9123456
14700000,50,97,50,45123456,9123456
14800000,50,98,50,45123456,9123456
14900000,50,99,50,45123456,9123456
15000000,50,100,50,45123456,9123456
15100000,50,101,50,45123456,9123456
15200000,50,102,50,45123456,9123456
15300000,50,103,50,45123456,9123456
15400000,50,104,50,45123456,9123456
15500000,50,105,50,45123456,9123456
15600000,50,106,50,45123456,9123456
15700000,50,107,50,45123456,9123456
15800000,50,108,50,45123456,9123456
15900000,50,109,50,45123456,9123456
16000000,50,110,50,45123456,9123456
16100000,50,111,50,45123456,9123456
16200000,50,112,50,45123456,9123456
16300000,50,113,50,45123456,9123456
16400000,50,114,50,45123456,9123456
16500000,50,115,50,45123456,9123456
16600000,50,116,50,45123456,9123456
16700000,50,117,50,45123456,9123456
16800000,50,118,50,45123456,9123456
16900000,50,119,50,45123456,9123456
17000000,50,120,50,45123456,9123456
17100000,50,121,50,45123456,9123456
17200000,50,122,50,45123456,9123456
17300000,50,123,50,45123456,9123456
17400000,50,124,50,45123456,9123456
17500000,50,125,50,45123456,9123456
17600000,50,126,50,45123456,9123456
17700000,50,127,50,45123456,9123456
17800000,50,128,50,45123456,9123456
17900000,50,129,50,45123456,9123456
18000000,50,130,50,45123456,9123456
18100000,50,131,50,45123456,9123456
18200000,50,132,50,45123456,9123456
18300000,50,133,50,45123456,9123456
18400000,50,134,50,45123456,9123456
18500000,50,135,50,45123456,9123456
18600000,50,136,50,45123456,9123456
18700000,50,137,50,45123456,9123456
18800000,50,138,50,45123456,9123456
18900000,50,139,50,45123456,9123456
19000000,50,140,50,45123456,9123456
19100000,50,141,50,45123456,9123456
19200000,50,142,50,45123456,9123456
19300000,50,143,50,45123456,9123456
19400000,50,144,50,45123456,9123456
19500000,50,145,50,45123456,9123456
19600000,50,146,50,45123456,9123456
19700000,50,147,50,45123456,9123456
19800000,50,148,50,45123456,9123456
19900000,50,149,50,45123456,9123456
20000000,50,150,50,45123456,9123456
20100000,50,0,50,45123456,9123456
20200000,50,0,50,45123456,9123456
20300000,50,0,50,45123456,9123456
20400000,50,0,50,45123456,9123456
20500000,50,0,50,45123456,9123456
20600000,50,0,50,45123456,9123456
20700000,50,0,50,45123456,9123456
20800000,50,0,50,45123456,9123456
20900000,50,0,50,45123456,9123456
21000000,50,0,50,45123456,9123456
21100000,50,1,50,45123456,9123456
21200000,50,2,50,45123456,9123456
21300000,50,3,50,45123456,9123456
21400000,50,4,50,45123456,9123456
21500000,50,5,50,45123456,9123456
21600000,50,6,50,45123456,9123456
21700000,50,7,50,45123456,9123456
21800000,50,8,50,45123456,9123456
21900000,50,9,50,45123456,9123456
22000000,50,10,50,45123456,9123456
22100000,50,11,50,45123456,9123456
22200000,50,12,50,45123456,9123456
22300000,50,13,50,45123456,9123456
22400000,50,14,50,45123456,9123456
22500000,50,15,50,45123456,9123456
22600000,50,16,50,45123456,9123456
22700000,50,17,50,45123456,9123456
22800000,50,18,50,45123456,9123456
22900000,50,19,50,45123456,9123456
23000000,50,20,50,45123456,9123456
23100000,50,21,50,45123456,9123456
23200000,50,22,50,45123456,9123456
23300000,50,23,50,45123456,9123456
23400000,50,24,50,45123456,9123456
23500000,50,25,50,45123456,9123456
23600000,50,26,50,45123456,9123456
23700000,50,27,50,45123456,9123456
23800000,50,28,50,45123456,9123456
23900000,50,29,50,45123456,9123456
24000000,50,30,50,45123456,9123456
24100000,50,31,50,45123456,9123456
24200000,50,32,50,45123456,9123456
24300000,50,33,50,45123456,9123456
24400000,50,34,50,45123456,9123456
24500000,50,35,50,45123456,9123456
24600000,50,36,50,45123456,9123456
24700000,50,37,50,45123456,9123456
24800000,50,38,50,45123456,9123456
24900000,50,39,50,45123456,9123456
25000000,50,40,50,45123456,9123456
25100000,50,41,50,45123456,9123456
25200000,50,42,50,45123456,9123456
25300000,50,43,50,45123456,9123456
25400000,50,44,50,45123456,9123456
25500000,50,45,50,45123456,9123456
25600000,50,46,50,45123456,9123456
25700000,50,47,50,45123456,9123456
25800000,50,48,50,45123456,9123456
25900000,50,49,50,45123456,9123456
26000000,50,50,50,45123456,9123456
26100000,50,51,50,45123456,9123456
26200000,50,52,50,45123456,9123456
26300000,50,53,50,45123456,9123456
26400000,50,54,50,45123456,9123456
26500000,50,55,50,45123456,9123456
26600000,50,56,50,45123456,9123456
26700000,50,57,50,45123456,9123456
26800000,50,58,50,45123456,9123456
26900000,50,59,50,45123456,9123456
27000000,50,60,50,45123456,9123456
27100000,50,61,50,45123456,9123456
27200000,50,62,50,45123456,9123456
27300000,50,63,50,45123456,9123456
27400000,50,64,50,45123456,9123456
27500000,50,65,50,45123456,9123456
27600000,50,66,50,45123456,9123456
27700000,50,67,50,45123456,9123456
27800000,50,68,50,45123456,9123456
27900000,50,69,50,45123456,9123456
28000000,50,70,50,45123456,9123456
28100000,50,71,50,45123456,9123456
28200000,50,72,50,45123456,9123456
28300000,50,73,50,45123456,9123456
28400000,50,74,50,45123456,9123456
28500000,50,75,50,45123456,9123456
28600000,50,76,50,45123456,9123456
28700000,50,77,50,45123456,9123456
28800000,50,78,50,45123456,9123456
28900000,50,79,50,45123456,9123456
29000000,50,80,50,45123456,9123456
29100000,50,81,50,45123456,9123456
29200000,50,82,50,45123456,9123456
29300000,50,83,50,45123456,9123456
29400000,50,84,50,45123456,9123456
29500000,50,85,50,45123456,9123456
29600000,50,86,50,45123456,9123456
29700000,50,87,50,45123456,9123456
29800000,50,88,50,45123456,9123456
29900000,50,89,50,45123456,9123456
30000000,50,90,50,45123456,9123456
30100000,50,91,50,45123456,9123456
30200000,50,92,50,45123456,9123456
30300000,50,93,50,45123456,9123456
30400000,50,94,50,45123456,9123456
30500000,50,95,50,45123456,9123456
30600000,50,96,50,45123456,9123456
30700000,50,97,50,45123456,9123456
30800000,50,98,50,45123456,9123456
30900000,50,99,50,45123456,9123456
31000000,50,100,50,45123456,9123456
31100000,50,101,50,45123456,9123456
31200000,50,102,50,45123456,9123456
31300000,50,103,50,45123456,9123456
31400000,50,104,50,45123456,9123456
31500000,50,105,50,45123456,9123456
31600000,50,106,50,45123456,9123456
31700000,50,107,50,45123456,9123456
31800000,50,108,50,45123456,9123456
31900000,50,109,50,45123456,9123456
32000000,50,110,50,45123456,9123456
32100000,50,111,50,45123456,9123456
32200000,50,112,50,45123456,9123456
32300000,50,113,50,45123456,9123456
32400000,50,114,50,45123456,9123456
32500000,50,115,50,45123456,9123456
32600000,50,116,50,45123456,9123456
32700000,50,117,50,45123456,9123456
32800000,50,118,50,45123456,9123456
32900000,50,119,50,45123456,9123456
33000000,50,120,50,45123456,9123456
33100000,50,121,50,45123456,9123456
33200000,50,122,50,45123456,9123456
33300000,50,123,50,45123456,9123456
33400000,50,124,50,45123456,9123456
33500000,50,125,50,45123456,9123456
33600000,50,126,50,45123456,9123456
33700000,50,127,50,45123456,9123456
33800000,50,128,50,45123456,9123456
33900000,50,129,50,45123456,9123456
34000000,50,130,50,45123456,9123456
34100000,50,131,50,45123456,9123456
34200000,50,132,50,45123456,9123456
34300000,50,133,50,45123456,9123456
34400000,50,134,50,45123456,9123456
34500000,50,135,50,45123456,9123456
34600000,50,136,50,45123456,9123456
34700000,50,137,50,45123456,9123456
34800000,50,138,50,45123456,9123456
34900000,50,139,50,45123456,9123456
35000000,50,140,50,45123456,9123456
35100000,50,141,50,45123456,9123456
35200000,50,142,50,45123456,9123456
35300000,50,143,50,45123456,9123456
35400000,50,144,50,45123456,9123456
35500000,50,145,50,45123456,9123456
35600000,50,146,50,45123456,9123456
35700000,50,147,50,45123456,9123456
35800000,50,148,50,45123456,9123456
35900000,50,149,50,45123456,9123456
36000000,50,150,50,45123456,9123456
36100000,50,0,50,45123456,9123456
36200000,50,0,50,45123456,9123456
36300000,50,0,50,45123456,9123456
36400000,50,0,50,45123456,9123456
36500000,50,0,50,45123456,9123456
36600000,50,0,50,45123456,9123456
36700000,50,0,50,45123456,9123456
36800000,50,0,50,45123456,9123456
36900000,50,0,50,45123456,9123456
37000000,50,0,50,45123456,9123456
37100000,50,0,50,45123456,9123456
37200000,50,0,50,45123456,9123456
37300000,50,0,50,45123456,9123456
37400000,50,0,50,45123456,9123456
37500000,50,0,50,45123456,9123456
37600000,50,0,50,45123456,9123456
37700000,50,0,50,45123456,9123456
37800000,50,0,50,45123456,9123456
37900000,50,0,50,45123456,9123456
38000000,50,0,50,45123456,9123456
38100000,50,0,50,45123456,9123456
38200000,50,0,50,45123456,9123456
38300000,50,0,50,45123456,9123456
38400000,50,0,50,45123456,9123456
38500000,50,0,50,45123456,9123456
38600000,50,0,50,45123456,9123456
38700000,50,0,50,45123456,9123456
38800000,50,0,50,45123456,9123456
38900000,50,0,50,45123456,9123456
39000000,50,0,50,45123456,9123456
39100000,50,0,50,45123456,9123456
39200000,50,0,50,45123456,9123456
39300000,50,0,50,45123456,9123456
39400000,50,0,50,45123456,9123456
39500000,50,0,50,45123456,9123456
39600000,50,0,50,45123456,9123456
39700000,50,0,50,45123456,9123456
39800000,50,0,50,45123456,9123456
39900000,50,0,50,45123456,9123456
40000000,50,0,50,45123456,9123456
40100000,50,0,0,45123456,9123456
40200000,50,0,0,45123456,9123456
40300000,50,0,0,45123456,9123456
40400000,50,0,0,45123456,9123456
40500000,50,0,0,45123456,9123456
40600000,50,0,0,45123456,9123456
40700000,50,0,0,45123456,9123456
40800000,50,0,0,45123456,9123456
40900000,50,0,0,45123456,9123456
41000000,50,0,0,45123456,9123456
41100000,50,0,0,45123456,9123456
41200000,50,0,0,45123456,9123456
41300000,50,0,0,45123456,9123456
41400000,50,0,0,45123456,9123456
41500000,50,0,0,45123456,9123456
41600000,50,0,0,45123456,9123456
41700000,50,0,0,45123456,9123456
41800000,50,0,0,45123456,9123456
41900000,50,0,0,45123456,9123456
42000000,50,0,0,45123456,9123456
42100000,50,0,0,45123456,9123456
42200000,50,0,0,45123456,9123456
42300000,50,0,0,45123456,9123456
42400000,50,0,0,45123456,9123456
42500000,50,0,0,45123456,9123456
42600000,50,0,0,45123456,9123456
42700000,50,0,0,45123456,9123456
42800000,50,0,0,45123456,9123456
42900000,50,0,0,45123456,9123456
43000000,50,0,0,45123456,9123456
43100000,50,0,0,45123456,9123456
43200000,50,0,0,45123456,9123456
43300000,50,0,0,45123456,9123456
43400000,50,0,0,45123456,9123456
43500000,50,0,0,45123456,9123456
43600000,50,0,0,45123456,9123456
43700000,50,0,0,45123456,9123456
43800000,50,0,0,45123456,9123456
43900000,50,0,0,45123456,9123456
44000000,50,0,0,45123456,9123456
44100000,50,0,0,45123456,9123456
44200000,50,0,0,45123456,9123456
44300000,50,0,0,45123456,9123456
44400000,50,0,0,45123456,9123456
44500000,50,0,0,45123456,9123456
44600000,50,0,0,45123456,9123456
44700000,50,0,0,45123456,9123456
44800000,50,0,0,45123456,9123456
44900000,50,0,0,45123456,9123456
45000000,50,0,0,45123456,9123456
45100000,50,0,1,45123456,9123456
45200000,50,0,2,45123456,9123456
45300000,50,0,3,45123456,9123456
45400000,50,0,4,45123456,9123456
45500000,50,0,5,45123456,9123456
45600000,50,0,6,45123456,9123456
45700000,50,0,7,45123456,9123456
45800000,50,0,8,45123456,9123456
45900000,50,0,9,45123456,9123456
46000000,50,0,10,45123456,9123456
46100000,50,0,11,45123456,9123456
46200000,50,0,12,45123456,9123456
46300000,50,0,13,45123456,9123456
46400000,50,0,14,45123456,9123456
46500000,50,0,15,45123456,9123456
46600000,50,0,16,45123456,9123456
46700000,50,0,17,45123456,9123456
46800000,50,0,18,45123456,9123456
46900000,50,0,19,45123456,9123456
47000000,50,0,20,45123456,9123456
47100000,50,1,21,45123456,9123456
47200000,50,1.01469375758194,22,45123456,9123456
47300000,50,2.34678753348152,23,45123456,9123456
47400000,50,3.67627400910727,24,45123456,9123456
47500000,50,5.00167611403748,25,45123456,9123456
47600000,50,6.32152131561989,26,45123456,9123456
47700000,50,7.63434325496757,27,45123456,9123456
47800000,50,8.9386833760958,28,45123456,9123456
47900000,50,10.2330925463897,29,45123456,9123456
48000000,50,11.5161326666026,30,45123456,9123456
48100000,50,12.7863782685961,31,45123456,9123456
48200000,50,14.0424180990467,32,45123456,9123456
48300000,50,15.2828566873604,33,45123456,9123456
48400000,50,16.5063158960512,34,45123456,9123456
48500000,50,17.7114364518643,35,45123456,9123456
48600000,50,18.8968794559386,36,45123456,9123456
48700000,50,20.0613278713357,37,45123456,9123456
48800000,50,21.2034879862773,38,45123456,9123456
48900000,50,22.3220908514712,39,45123456,9123456
49000000,50,23.415893689923,40,45123456,9123456
49100000,50,24.4836812776728,41,45123456,9123456
49200000,50,25.5242672939179,42,45123456,9123456
49300000,50,26.5364956390261,43,45123456,9123456
49400000,50,27.5192417189707,44,45123456,9123456
49500000,50,28.4714136947649,45,45123456,9123456
49600000,50,29.3919536955032,46,45123456,9123456
49700000,50,30.2798389936646,47,45123456,9123456
49800000,50,31.1340831413719,48,45123456,9123456
49900000,50,31.9537370663429,49,45123456,9123456
50000000,50,32.7378901263178,50,45123456,9123456
50100000,50,33.4856711207899,50,45123456,9123456
50200000,50,34.196249258917,50,45123456,9123456
50300000,50,34.8688350825365,50,45123456,9123456
50400000,50,35.5026813432602,50,45123456,9123456
50500000,50,36.097083832673,50,45123456,9123456
50600000,50,36.651382164715,50,45123456,9123456
50700000,50,37.1649605093747,50,45123456,9123456
50800000,50,37.6372482768826,50,45123456,9123456
50900000,50,38.0677207516398,50,45123456,9123456
51000000,50,38.4558996751823,50,45123456,9123456
51100000,50,38.8013537775297,50,45123456,9123456
51200000,50,39.1036992563297,50,45123456,9123456
51300000,50,39.3626002032657,50,45123456,9123456
51400000,50,39.577768977254,50,45123456,9123456
51500000,50,39.7489665240147,50,45123456,9123456
51600000,50,39.8760026416638,50,45123456,9123456
51700000,50,39.9587361920286,50,45123456,9123456
51800000,50,39.9970752574533,50,45123456,9123456
51900000,50,39.9909772429204,50,45123456,9123456
52000000,50,39.9404489233745,50,45123456,9123456
52100000,50,39.8455464361946,50,45123456,9123456
52200000,50,39.7063752188253,50,45123456,9123456
52300000,50,39.5230898916352,50,45123456,9123456
52400000,50,39.295894086132,50,45123456,9123456
52500000,50,39.0250402187263,50,45123456,9123456
52600000,50,38.7108292102952,50,45123456,9123456
52700000,50,38.3536101518563,50,45123456,9123456
52800000,50,37.953779916725,50,45123456,9123456
52900000,50,37.5117827195848,50,45123456,9123456
53000000,50,37.0281096229612,50,45123456,9123456
53100000,50,36.5032979916474,50,45123456,9123456
53200000,50,35.937930895687,50,45123456,9123456
53300000,50,35.3326364625792,50,45123456,9123456
53400000,50,34.6880871794233,50,45123456,9123456
53500000,50,34.0049991457802,50,45123456,9123456
53600000,50,33.2841312780799,50,45123456,9123456
53700000,50,32.5262844664595,50,45123456,9123456
53800000,50,31.7323006849668,50,45123456,9123456
53900000,50,30.9030620561211,50,45123456,9123456
54000000,50,30.039489870867,50,45123456,9123456
54100000,50,29.1425435650134,50,45123456,9123456
54200000,50,28.2132196532917,50,45123456,9123456
54300000,50,27.25255062222,50,45123456,9123456
54400000,50,26.2616037830025,50,45123456,9123456
54500000,50,25.241480085737,50,45123456,9123456
54600000,50,24.1933128962514,50,45123456,9123456
54700000,50,23.1182667369238,50,45123456,9123456
54800000,50,22.0175359928897,50,45123456,9123456
54900000,50,20.8923435850693,50,45123456,9123456
55000000,50,19.7439396114929,50,45123456,9123456
55100000,50,18.5735999584312,50,45123456,9123456
55200000,50,17.3826248828759,50,45123456,9123456
55300000,50,16.1723375679425,50,45123456,9123456
55400000,50,14.9440826528039,50,45123456,9123456
55500000,50,13.6992247387845,50,45123456,9123456
55600000,50,12.4391468732773,50,45123456,9123456
55700000,50,11.1652490131667,50,45123456,9123456
55800000,50,9.87894646946484,50,45123456,9123456
55900000,50,8.58166833488966,50,45123456,9123456
56000000,50,7.27485589613058,50,45123456,9123456
56100000,50,5.95996103256795,50,45123456,9123456
56200000,50,4.63844460322212,50,45123456,9123456
56300000,50,3.31177482372807,50,45123456,9123456
56400000,50,1.9814256351347,50,45123456,9123456
56500000,50,0.64887506634525,50,45123456,9123456
56600000,50,0.684396407986057,50,45123456,9123456
56700000,50,2.01690751227245,50,45123456,9123456
56800000,50,3.3471778157051,50,45123456,9123456
56900000,50,4.67372937702282,50,45123456,9123456
57000000,50,5.99508838651809,50,45123456,9123456
57100000,50,7.30978680345081,50,45123456,9123456
57200000,50,8.61636398705404,50,45123456,9123456
57300000,50,9.91336831931839,50,45123456,9123456
57400000,50,11.1993588177506,50,45123456,9123456
57500000,50,12.4729067363179,50,45123456,9123456
57600000,50,13.7325971527958,50,45123456,9123456
57700000,50,14.9770305407593,50,45123456,9123456
57800000,50,16.2048243244671,50,45123456,9123456
57900000,50,17.4146144149157,50,45123456,9123456
58000000,50,18.6050567253528,50,45123456,9123456
58100000,50,19.7748286645691,50,45123456,9123456
58200000,50,20.9226306063079,50,45123456,9123456
58300000,50,22.0471873331607,50,45123456,9123456
58400000,50,23.1472494533439,50,45123456,9123456
58500000,50,24.221594788784,50,45123456,9123456
58600000,50,25.2690297329669,50,45123456,9123456
58700000,50,26.2883905770444,50,45123456,9123456
58800000,50,27.2785448027254,50,45123456,9123456
58900000,50,28.2383923405118,50,45123456,9123456
59000000,50,29.1668667918856,50,45123456,9123456
59100000,50,30.0629366140859,50,45123456,9123456
59200000,50,30.9256062661619,50,45123456,9123456
59300000,50,31.7539173150266,50,45123456,9123456
59400000,50,32.5469495002842,50,45123456,9123456
59500000,50,33.3038217566468,50,45123456,9123456
59600000,50,34.0236931928054,50,45123456,9123456
59700000,50,34.7057640256667,50,45123456,9123456
59800000,50,35.3492764689191,50,45123456,9123456
59900000,50,35.9535155749393,50,45123456,9123456
60000000,50,36.5178100291051,50,45123456,9123456
60100000,50,37.0415328956313,50,45123456,9123456
60200000,50,37.5241023141007,50,45123456,9123456
60300000,50,37.9649821459158,50,45123456,9123456
60400000,50,38.3636825699531,50,45123456,9123456
60500000,50,38.7197606267586,50,45123456,9123456
60600000,50,39.032820710679,50,45123456,9123456
60700000,50,39.3025150093834,50,45123456,9123456
60800000,50,39.5285438902851,50,45123456,9123456
60900000,50,39.7106562334363,50,45123456,9123456
61000000,50,39.8486497105241,50,45123456,9123456
61100000,50,39.9423710096593,50,45123456,9123456
61200000,50,39.9917160057068,50,45123456,9123456
61300000,50,39.9966298759696,50,45123456,9123456
61400000,50,39.9571071610974,50,45123456,9123456
61500000,50,39.873191771152,50,45123456,9123456
61600000,50,39.7449769368224,50,45123456,9123456
61700000,50,39.5726051058455,50,45123456,9123456
61800000,50,39.3562677847446,50,45123456,9123456
61900000,50,39.0962053260652,50,45123456,9123456
62000000,50,38.7927066613399,50,45123456,9123456
62100000,50,38.4461089800847,50,45123456,9123456
62200000,50,38.0567973551771,50,45123456,9123456
62300000,50,37.6252043150383,50,45123456,9123456
62400000,50,37.1518093630896,50,45123456,9123456
62500000,50,36.6371384450208,50,45123456,9123456
62600000,50,36.0817633644597,50,45123456,9123456
62700000,50,35.486301147694,50,45123456,9123456
62800000,50,34.8514133581497,50,45123456,9123456
62900000,50,34.1778053613888,50,45123456,9123456
63000000,50,33.4662255414422,50,45123456,9123456
63100000,50,32.7174644693495,50,45123456,9123456
63200000,50,31.9323540248271,50,45123456,9123456
63300000,50,31.1117664720437,50,45123456,9123456
63400000,50,30.2566134905275,50,45123456,9123456
63500000,50,29.3678451622823,50,45123456,9123456
63600000,50,28.4464489162393,50,45123456,9123456
63700000,50,27.4934484312147,50,45123456,9123456
63800000,50,26.5099024985949,50,45123456,9123456
63900000,50,25.4969038460096,50,45123456,9123456
64000000,50,24.4555779233032,50,45123456,9123456
64100000,50,23.3870816521502,50,45123456,9123456
64200000,50,22.2926021407065,50,45123456,9123456
64300000,50,21.1733553647211,50,45123456,9123456
64400000,50,20.0305848165787,50,45123456,9123456
64500000,50,18.8655601237678,50,45123456,9123456
64600000,50,17.6795756383155,50,45123456,9123456
64700000,50,16.4739489987508,50,45123456,9123456
64800000,50,15.2500196661976,50,45123456,9123456
64900000,50,14.0091474362227,50,45123456,9123456
65000000,50,12.752710928091,50,45123456,9123456
65100000,50,11.4821060531091,50,45123456,9123456
65200000,50,10.1987444637555,50,45123456,9123456
65300000,50,8.90405198532356,50,45123456,9123456
65400000,50,7.59946703181751,50,45123456,9123456
65500000,50,6.28643900786324,50,45123456,9123456
65600000,50,4.9664266984069,50,45123456,9123456
65700000,50,3.64089664799391,50,45123456,9123456
65800000,50,2.31132153142476,50,45123456,9123456
65900000,50,0.979178517602309,50,45123456,9123456
66000000,50,0.354052371616155,50,45123456,9123456
66100000,50,1.68688990573439,50,45123456,9123456
66200000,50,3.01785329127692,50,45123456,9123456
66300000,50,4.34546381696319,50,45123456,9123456
66400000,50,5.66824649656698,50,45123456,9123456
66500000,50,6.98473170763939,50,45123456,9123456
66600000,50,8.29345682427035,50,45123456,9123456
66700000,50,9.59296784207919,50,45123456,9123456
66800000,50,10.8818209936243,50,45123456,9123456
66900000,50,12.1585843524419,50,45123456,9123456
67000000,50,13.4218394239268,50,45123456,9123456
67100000,50,14.6701827212929,50,45123456,9123456
67200000,50,15.9022273248573,50,45123456,9123456
67300000,50,17.1166044229209,50,45123456,9123456
67400000,50,18.3119648325278,50,45123456,9123456
67500000,50,19.4869804984204,50,45123456,9123456
67600000,50,20.6403459685183,50,45123456,9123456
67700000,50,21.770779844287,50,45123456,9123456
67800000,50,22.8770262043826,50,45123456,9123456
67900000,50,23.9578559999894,50,45123456,9123456
68000000,50,25.0120684203052,50,45123456,9123456
68100000,50,26.0384922266499,50,45123456,9123456
68200000,50,27.0359870537231,50,45123456,9123456
68300000,50,28.0034446765581,50,45123456,9123456
68400000,50,28.9397902417698,50,45123456,9123456
68500000,50,29.843983461725,50,45123456,9123456
68600000,50,30.715019770311,50,45123456,9123456
68700000,50,31.5519314390167,50,45123456,9123456
68800000,50,32.3537886520867,50,45123456,9123456
68900000,50,33.1197005395546,50,45123456,9123456
69000000,50,33.8488161670068,50,45123456,9123456
69100000,50,34.5403254809774,50,45123456,9123456
69200000,50,35.1934602089245,50,45123456,9123456
69300000,50,35.8074947127873,50,45123456,9123456
69400000,50,36.3817467951758,50,45123456,9123456
69500000,50,36.915578457298,50,45123456,9123456
69600000,50,37.4083966077816,50,45123456,9123456
69700000,50,37.8596537216033,50,45123456,9123456
69800000,50,38.268848448394,50,45123456,9123456
69900000,50,38.6355261694428,50,45123456,9123456
70000000,50,38.9592795027822,50,45123456,9123456
70100000,50,39.2397487557932,50,45123456,9123456
70200000,50,39.4766223248259,50,45123456,9123456
70300000,50,39.669637041395,50,45123456,9123456
70400000,50,39.8185784645608,50,45123456,9123456
70500000,50,39.9232811191759,50,45123456,9123456
70600000,50,39.9836286797287,50,45123456,9123456
70700000,50,39.9995540995826,50,45123456,9123456
70800000,50,39.9710396854651,50,45123456,9123456
70900000,50,39.898117117125,50,45123456,9123456
71000000,50,39.7808674121361,50,45123456,9123456
71100000,50,39.6194208358863,50,45123456,9123456
71200000,50,39.413956756851,50,45123456,9123456
71300000,50,39.164703447314,50,45123456,9123456
71400000,50,38.8719378297545,50,45123456,9123456
71500000,50,38.5359851691845,50,45123456,9123456
71600000,50,38.157218711776,50,45123456,9123456
71700000,50,37.7360592701822,50,45123456,9123456
71800000,50,37.2729747560106,50,45123456,9123456
71900000,50,36.7684796599696,50,45123456,9123456
72000000,50,36.223134480265,50,45123456,9123456
72100000,50,35.6375450998819,50,45123456,9123456
72200000,50,35.0123621134441,50,45123456,9123456
72300000,50,34.3482801043972,50,45123456,9123456
72400000,50,33.6460368733216,50,45123456,9123456
72500000,50,32.9064126182293,50,45123456,9123456
72600000,50,32.1302290677582,50,45123456,9123456
72700000,50,31.318348568224,50,45123456,9123456
72800000,50,30.471673125547,50,45123456,9123456
72900000,50,29.5911434031157,50,45123456,9123456
73000000,50,28.6777376767024,50,45123456,9123456
73100000,50,27.7324707475902,50,45123456,9123456
73200000,50,26.756392815121,50,45123456,9123456
73300000,50,25.7505883099149,50,45123456,9123456
73400000,50,24.7161746890595,50,45123456,9123456
73500000,50,23.654301194605,50,45123456,9123456
73600000,50,22.5661475767475,50,45123456,9123456
73700000,50,21.4529227831168,50,45123456,9123456
73800000,50,20.3158636156249,50,45123456,9123456
73900000,50,19.15623335637,50,45123456,9123456
74000000,50,17.9753203641186,50,45123456,9123456
74100000,50,16.7744366429293,50,45123456,9123456
74200000,50,15.5549163845044,50,45123456,9123456
74300000,50,14.3181144858932,50,45123456,9123456
74400000,50,13.0654050441889,50,45123456,9123456
74500000,50,11.7981798298967,50,45123456,9123456
74600000,50,10.517846740664,50,45123456,9123456
74700000,50,9.22582823709583,50,45123456,9123456
74800000,50,7.92355976238823,50,45123456,9123456
74900000,50,6.61248814754009,50,45123456,9123456
75000000,50,5.29407000391092,50,45123456,9123456
75100000,50,3.96977010491464,50,45123456,9123456
75200000,50,2.64105975864382,50,45123456,9123456
75300000,50,1.30941517323381,50,45123456,9123456
75400000,50,0.0236841832155801,50,45123456,9123456
75500000,50,1.35675722634254,50,45123456,9123456
75600000,50,2.688322901019,50,45123456,9123456
75700000,50,4.0169018268162,50,45123456,9123456
75800000,50,5.34101794160745,50,45123456,9123456
75900000,50,6.65920014148637,50,45123456,9123456
76000000,50,7.96998391517435,50,45123456,9123456
76100000,50,9.27191297110577,50,45123456,9123456
76200000,50,10.5635408553788,50,45123456,9123456
76300000,50,11.8434325587786,50,45123456,9123456
76400000,50,13.1101661110836,50,45123456,9123456
76500000,50,14.3623341608867,50,45123456,9123456
76600000,50,15.5985455391739,50,45123456,9123456
76700000,50,16.8174268049244,50,45123456,9123456
76800000,50,18.0176237710156,50,45123456,9123456
76900000,50,19.1978030087352,50,45123456,9123456
77000000,50,20.3566533292325,50,45123456,9123456
77100000,50,21.4928872402589,50,45123456,9123456
77200000,50,22.6052423765833,50,45123456,9123456
77300000,50,23.6924829024898,50,45123456,9123456
77400000,50,24.7534008848016,50,45123456,9123456
77500000,50,25.7868176349042,50,45123456,9123456
77600000,50,26.7915850182791,50,45123456,9123456
77700000,50,27.7665867300897,50,45123456,9123456
77800000,50,28.7107395354058,50,45123456,9123456
77900000,50,29.6229944726863,50,45123456,9123456
78000000,50,30.5023380191841,50,45123456,9123456
78100000,50,31.3477932169784,50,45123456,9123456
78200000,50,32.1584207583825,50,45123456,9123456
78300000,50,32.9333200295233,50,45123456,9123456
78400000,50,33.6716301109295,50,45123456,9123456
78500000,50,34.3725307340216,50,45123456,9123456
78600000,50,35.0352431924356,50,45123456,9123456
78700000,50,35.6590312071735,50,45123456,9123456
78800000,50,36.2432017446143,50,45123456,9123456
78900000,50,36.7871057864808,50,45123456,9123456
79000000,50,37.2901390509038,50,45123456,9123456
79100000,50,37.7517426637845,50,45123456,9123456
79200000,50,38.1714037797079,50,45123456,9123456
79300000,50,38.5486561517187,50,45123456,9123456
79400000,50,38.8830806493251,50,45123456,9123456
79500000,50,39.1743057241567,49,45123456,9123456
79600000,50,39.4220078227572,48,45123456,9123456
79700000,50,39.6259117460554,47,45123456,9123456
79800000,50,39.7857909551135,46,45123456,9123456
79900000,50,39.9014678228139,45,45123456,9123456
80000000,50,39.9728138312039,44,45123456,9123456
80100000,50,39.9997497142808,43,45123456,9123456
80200000,50,39.9822455460567,42,45123456,9123456
80300000,50,39.9203207738066,41,45123456,9123456
80400000,50,39.8140441964624,40,45123456,9123456
80500000,50,39.6635338881766,39,45123456,9123456
80600000,50,39.468957067141,38,45123456,9123456
80700000,50,39.2305299098061,37,45123456,9123456
80800000,50,38.9485173107069,36,45123456,9123456
80900000,50,38.6232325881632,35,45123456,9123456
81000000,50,38.2550371361801,34,45123456,9123456
81100000,50,37.8443400229367,33,45123456,9123456
81200000,50,37.3915975363076,32,45123456,9123456
81300000,50,36.8973126769234,31,45123456,9123456
81400000,50,36.362034599333,30,45123456,9123456
81500000,50,35.7863580018882,29,45123456,9123456
81600000,50,35.170922466029,28,45123456,9123456
81700000,50,34.5164117457033,27,45123456,9123456
81800000,50,33.8235530077111,26,45123456,9123456
81900000,50,33.0931160238151,25,45123456,9123456
82000000,50,32.3259123155194,24,45123456,9123456
82100000,50,31.522794252461,23,45123456,9123456
82200000,50,0,22,45123456,9123456
82300000,50,0,21,45123456,9123456
82400000,50,0,20,45123456,9123456
82500000,50,0,19,45123456,9123456
82600000,50,0,18,45123456,9123456
82700000,50,0,17,45123456,9123456
82800000,50,0,16,45123456,9123456
82900000,50,0,15,45123456,9123456
83000000,50,0,14,45123456,9123456
83100000,50,0,13,45123456,9123456
83200000,50,0,12,45123456,9123456
83300000,50,0,11,45123456,9123456
83400000,50,0,10,45123456,9123456
83500000,50,0,9,45123456,9123456
83600000,50,0,8,45123456,9123456
83700000,50,0,7,45123456,9123456
83800000,50,0,6,45123456,9123456
83900000,50,0,5,45123456,9123456
84000000,50,0,4,45123456,9123456
84100000,50,0,3,45123456,9123456
84200000,50,0,2,45123456,9123456
84300000,50,0,1,45123456,9123456
84400000,50,0,0,45123456,9123456
84500000,50,0,0,45123456,9123456
84600000,50,0,0,45123456,9123456
84700000,50,0,0,45123456,9123456
84800000,50,0,0,45123456,9123456
84900000,50,0,0,45123456,9123456
85000000,50,0,0,45123456,9123456
85100000,50,0,0,45123456,9123456
85200000,50,0,0,45123456,9123456
85300000,50,0,0,45123456,9123456
85400000,50,0,0,45123456,9123456
85500000,50,0,0,45123456,9123456
85600000,50,0,0,45123456,9123456
85700000,50,0,0,45123456,9123456
85800000,50,0,0,45123456,9123456
85900000,50,0,0,45123456,9123456
86000000,50,0,0,45123456,9123456
86100000,50,0,0,45123456,9123456
86200000,50,0,0,45123456,9123456
86300000,50,0,0,45123456,9123456
86400000,50,0,0,45123456,9123456
86500000,50,0,0,45123456,9123456
86600000,50,0,0,45123456,9123456
86700000,50,0,0,45123456,9123456
86800000,50,0,0,45123456,9123456
86900000,50,0,0,45123456,9123456
87000000,50,0,0,45123456,9123456
87100000,50,0,0,45123456,9123456
87200000,50,0,0,45123456,9123456
87300000,50,0,0,45123456,9123456
87400000,50,0,0,45123456,9123456
87500000,50,0,0,45123456,9123456
87600000,50,0,0,45123456,9123456
87700000,50,0,0,45123456,9123456
87800000,50,0,0,45123456,9123456
87900000,50,0,0,45123456,9123456
88000000,50,0,0,45123456,9123456
88100000,50,0,0,45123456,9123456
88200000,50,0,0,45123456,9123456
88300000,50,0,0,45123456,9123456
88400000,50,0,0,45123456,9123456
88500000,50,0,0,45123456,9123456
88600000,50,0,0,45123456,9123456
88700000,50,0,0,45123456,9123456
88800000,50,0,0,45123456,9123456
88900000,50,0,0,45123456,9123456
89000000,50,0,0,45123456,9123456
89100000,50,0,0,45123456,9123456
89200000,50,0,0,45123456,9123456
89300000,50,0,0,45123456,9123456
89400000,50,0,0,45123456,9123456
89500000,50,0,0,45123456,9123456
89600000,50,0,0,45123456,9123456
89700000,50,0,0,45123456,9123456
89800000,50,0,0,45123456,9123456
89900000,50,0,0,45123456,9123456
90000000,50,0,0,45123456,9123456
90100000,50,0,0.2,45123456,9123456
90200000,50,0,0.4,45123456,9123456
90300000,50,0,0.6,45123456,9123456
90400000,50,0,0.8,45123456,9123456
90500000,50,0,1,45123456,9123456
90600000,50,0,1.2,45123456,9123456
90700000,50,0,1.4,45123456,9123456
90800000,50,0,1.6,45123456,9123456
90900000,50,0,1.8,45123456,9123456
91000000,50,0,2,45123456,9123456
91100000,50,4.36459246161739,2.2,45123456,9123456
91200000,50,4.75405252854269,2.4,45123456,9123456
91300000,50,5.1416110378431,2.6,45123456,9123456
91400000,50,5.52711297128228,2.8,45123456,9123456
91500000,50,5.91040413322679,3,45123456,9123456
91600000,50,6.29133121232236,3.2,45123456,9123456
91700000,50,6.66974184281629,3.4,45123456,9123456
91800000,50,7.0454846655018,3.6,45123456,9123456
91900000,50,7.41840938825965,3.8,45123456,9123456
92000000,50,7.78836684617301,4,45123456,9123456
92100000,50,8.1552090611914,4.2,45123456,9123456
92200000,50,8.51878930131999,4.4,45123456,9123456
92300000,50,8.8789621393104,4.6,45123456,9123456
92400000,50,9.23558351082966,4.8,45123456,9123456
92500000,50,9.58851077208406,5,45123456,9123456
92600000,50,9.93760275687473,5.2,45123456,9123456
92700000,50,10.2827198330623,5.4,45123456,9123456
92800000,50,10.6237239584177,5.6,45123456,9123456
92900000,50,10.9604787358375,5.8,45123456,9123456
93000000,50,11.2928494679007,6,45123456,9123456
93100000,50,11.6207032107461,6.2,45123456,9123456
93200000,50,11.9439088272478,6.4,45123456,9123456
93300000,50,12.2623370394687,6.6,45123456,9123456
93400000,50,12.5758604803694,6.8,45123456,9123456
93500000,50,12.8843537447538,7,45123456,9123456
93600000,50,13.1876934394295,7.2,45123456,9123456
93700000,50,13.4857582325629,7.4,45123456,9123456
93800000,50,13.778428902211,7.6,45123456,9123456
93900000,50,14.0655883840082,7.8,45123456,9123456
94000000,50,14.3471218179905,8,45123456,9123456
94100000,50,14.6229165945379,8.2,45123456,9123456
94200000,50,14.8928623994172,8.4,45123456,9123456
94300000,50,15.1568512579055,8.6,45123456,9123456
94400000,50,15.4147775779794,8.8,45123456,9123456
94500000,50,15.6665381925497,9,45123456,9123456
94600000,50,15.9120324007273,9.2,45123456,9123456
94700000,50,16.1511620081023,9.4,45123456,9123456
94800000,50,16.38383136602,9.6,45123456,9123456
94900000,50,16.6099474098394,9.8,45123456,9123456
95000000,50,16.8294196961579,10,45123456,9123456
95100000,50,17.0421604389873,10.2,45123456,9123456
95200000,50,17.2480845448668,10.4,45123456,9123456
95300000,50,17.4471096468997,10.6,45123456,9123456
95400000,50,17.639156137699,10.8,45123456,9123456
95500000,50,17.8241472012287,11,45123456,9123456
95600000,50,18.0020088435301,11.2,45123456,9123456
95700000,50,18.1726699223177,11.4,45123456,9123456
95800000,50,18.3360621754353,11.6,45123456,9123456
95900000,50,18.4921202481604,11.8,45123456,9123456
96000000,50,18.6407817193445,12,45123456,9123456
96100000,50,18.7819871263814,12.2,45123456,9123456
96200000,50,18.9156799889908,12.4,45123456,9123456
96300000,50,19.0418068318103,12.6,45123456,9123456
96400000,50,19.1603172057845,12.8,45123456,9123456
96500000,50,19.2711637083439,13,45123456,9123456
96600000,50,19.3743020023653,13.2,45123456,9123456
96700000,50,19.4696908339064,13.4,45123456,9123456
96800000,50,19.5572920487063,13.6,45123456,9123456
96900000,50,19.6370706074472,13.8,45123456,9123456
97000000,50,19.7089945997692,14,45123456,9123456
97100000,50,19.7730352570344,14.2,45123456,9123456
97200000,50,19.8291669638337,14.4,45123456,9123456
97300000,50,19.8773672682329,14.6,45123456,9123456
97400000,50,19.9176168907528,14.8,45123456,9123456
97500000,50,19.9498997320811,15,45123456,9123456
97600000,50,19.9742028795117,15.2,45123456,9123456
97700000,50,19.9905166121096,15.4,45123456,9123456
97800000,50,19.9988344045993,15.6,45123456,9123456
97900000,50,19.9991529299748,15.8,45123456,9123456
98000000,50,19.9914720608301,16,45123456,9123456
98100000,50,19.9757948694105,16.2,45123456,9123456
98200000,50,19.9521276263835,16.4,45123456,9123456
98300000,50,19.9204797983307,16.6,45123456,9123456
98400000,50,19.8808640439615,16.8,45123456,9123456
98500000,50,19.8332962090494,17,45123456,9123456
98600000,50,19.777795320094,17.2,45123456,9123456
98700000,50,19.7143835767111,17.4,45123456,9123456
98800000,50,19.6430863427524,17.6,45123456,9123456
98900000,50,19.5639321361609,17.8,45123456,9123456
99000000,50,19.4769526175639,18,45123456,9123456
99100000,50,19.3821825776091,18.2,45123456,9123456
99200000,50,19.279659923049,18.4,45123456,9123456
99300000,50,19.1694256615783,18.6,45123456,9123456
99400000,50,19.0515238854319,18.8,45123456,9123456
99500000,50,18.9260017537483,19,45123456,9123456
99600000,50,18.7929094737065,19.2,45123456,9123456
99700000,50,18.652300280444,19.4,45123456,9123456
99800000,50,18.5042304157634,19.6,45123456,9123456
99900000,50,18.3487591056362,19.8,45123456,9123456
100000000,50,18.1859485365136,20,45123456,9123456
100100000,50,18.0158638304525,20.2,45123456,9123456
100200000,50,17.8385730190676,20.4,45123456,9123456
100300000,50,17.6541470163195,20.6,45123456,9123456
100400000,50,17.4626595901503,20.8,45123456,9123456
100500000,50,17.2641873329775,21,45123456,9123456
100600000,50,17.0588096310575,21.2,45123456,9123456
100700000,50,16.8466086327329,21.4,45123456,9123456
100800000,50,16.6276692155737,21.6,45123456,9123456
100900000,50,16.4020789524275,21.8,45123456,9123456
101000000,50,16.1699280763918,22,45123456,9123456
101100000,50,15.9313094447217,22.2,45123456,9123456
101200000,50,15.6863185016884,22.4,45123456,9123456
101300000,50,15.4350532404025,22.6,45123456,9123456
101400000,50,15.1776141636184,22.8,45123456,9123456
101500000,50,14.9141042435344,23,45123456,9123456
101600000,50,14.644628880605,23.2,45123456,9123456
101700000,50,14.3692958613825,23.4,45123456,9123456
101800000,50,14.0882153154035,23.6,45123456,9123456
101900000,50,13.8014996711387,23.8,45123456,9123456
102000000,50,13.509263611023,24,45123456,9123456
102100000,50,13.211624025584,24.2,45123456,9123456
102200000,50,12.9086999666874,24.4,45123456,9123456
102300000,50,12.6006125999178,24.6,45123456,9123456
102400000,50,12.2874851561142,24.8,45123456,9123456
102500000,50,11.9694428820791,25,45123456,9123456
102600000,50,11.6466129904816,25.2,45123456,9123456
102700000,50,11.3191246089741,25.4,45123456,9123456
102800000,50,10.9871087285425,25.6,45123456,9123456
102900000,50,10.6506981511124,25.8,45123456,9123456
103000000,50,10.3100274364293,26,45123456,9123456
103100000,50,9.96523284823677,26.2,45123456,9123456
103200000,50,9.61645229977297,26.4,45123456,9123456
103300000,50,9.2638252986069,26.6,45123456,9123456
103400000,50,8.90749289083742,26.8,45123456,9123456
103500000,50,8.5475976046766,27,45123456,9123456
103600000,50,8.18428339344035,27.2,45123456,9123456
103700000,50,7.81769557796904,27.4,45123456,9123456
103800000,50,7.44798078850111,27.6,45123456,9123456
103900000,50,7.07528690602286,27.8,45123456,9123456
104000000,50,6.6997630031181,28,45123456,9123456
104100000,50,6.32155928434108,28.2,45123456,9123456
104200000,50,5.94082702613665,28.4,45123456,9123456
104300000,50,5.55771851633174,28.6,45123456,9123456
104400000,50,5.17238699322222,28.8,45123456,9123456
104500000,50,4.78498658427965,29,45123456,9123456
104600000,50,4.39567224450234,29.2,45123456,9123456
104700000,50,4.00459969443541,29.4,45123456,9123456
104800000,50,3.61192535788466,29.6,45123456,9123456
104900000,50,3.21780629934912,29.8,45123456,9123456
105000000,50,2.82240016119734,30,45123456,9123456
105100000,50,2.4258651006126,30.2,45123456,9123456
105200000,50,2.02835972633204,30.4,45123456,9123456
105300000,50,1.63004303520538,30.6,45123456,9123456
105400000,50,1.23107434859826,30.8,45123456,9123456
105500000,50,0.83161324866581,31,45123456,9123456
105600000,50,0.431819514521919,31.2,45123456,9123456
105700000,50,0.0318530583297366,31.4,45123456,9123456
105800000,50,0.368126138661076,31.6,45123456,9123456
105900000,50,0.767958090104708,31.8,45123456,9123456
106000000,50,1.1674828685516,32,45123456,9123456
106100000,50,1.56654066941731,32.2,45123456,9123456
106200000,50,1.96497187490217,32.4,45123456,9123456
106300000,50,2.36261711783635,32.6,45123456,9123456
106400000,50,2.75931734542454,32.8,45123456,9123456
106500000,50,3.15491388286496,33,45123456,9123456
106600000,50,3.5492484968172,33.2,45123456,9123456
106700000,50,3.9421634586934,33.4,45123456,9123456
106800000,50,4.33350160774759,33.6,45123456,9123456
106900000,50,4.72310641393794,33.8,45123456,9123456
107000000,50,5.11082204053662,34,45123456,9123456
107100000,50,5.49649340646248,34.2,45123456,9123456
107200000,50,5.87996624831135,34.4,45123456,9123456
107300000,50,6.2610871820594,34.6,45123456,9123456
107400000,50,6.63970376441468,34.8,45123456,9123456
107500000,50,7.0156645537924,35,45123456,9123456
107600000,50,7.38881917088954,35.2,45123456,9123456
107700000,50,7.75901835883461,35.4,45123456,9123456
107800000,50,8.12611404288834,35.6,45123456,9123456
107900000,50,8.48995938967165,35.8,45123456,9123456
108000000,50,8.85040886589705,36,45123456,9123456
108100000,50,9.20731829657997,36.2,45123456,9123456
108200000,50,9.56054492270686,36.4,45123456,9123456
108300000,50,9.9099474583369,36.6,45123456,9123456
108400000,50,10.2553861471145,36.8,45123456,9123456
108500000,50,10.5967228181699,37,45123456,9123456
108600000,50,10.9338209413857,37.2,45123456,9123456
108700000,50,11.2665456820074,37.4,45123456,9123456
108800000,50,11.5947639545749,37.6,45123456,9123456
108900000,50,11.9183444761553,37.8,45123456,9123456
109000000,50,12.2371578188544,38,45123456,9123456
109100000,50,12.5510764615859,38.2,45123456,9123456
109200000,50,12.2371578188544,38,45123456,9123456
109300000,50,11.9183444761553,37.8,45123456,9123456
109400000,50,11.5947639545749,37.6,45123456,9123456
109500000,50,11.2665456820074,37.4,45123456,9123456
109600000,50,10.9338209413857,37.2,45123456,9123456
109700000,50,10.5967228181699,37,45123456,9123456
109800000,50,10.2553861471145,36.8,45123456,9123456
109900000,50,9.9099474583369,36.6,45123456,9123456
110000000,50,9.56054492270686,36.4,45123456,9123456
110100000,50,9.20731829657997,36.2,45123456,9123456
110200000,50,8.85040886589705,36,45123456,9123456
110300000,50,8.48995938967165,35.8,45123456,9123456
110400000,50,8.12611404288834,35.6,45123456,9123456
110500000,50,7.75901835883461,35.4,45123456,9123456
110600000,50,7.38881917088954,35.2,45123456,9123456
110700000,50,7.0156645537924,35,45123456,9123456
110800000,50,6.63970376441468,34.8,45123456,9123456
110900000,50,6.2610871820594,34.6,45123456,9123456
111000000,50,5.87996624831135,34.4,45123456,9123456
111100000,50,5.49649340646248,34.2,45123456,9123456
111200000,50,5.11082204053662,34,45123456,9123456
111300000,50,4.72310641393794,33.8,45123456,9123456
111400000,50,4.33350160774759,33.6,45123456,9123456
111500000,50,3.9421634586934,33.4,45123456,9123456
111600000,50,3.5492484968172,33.2,45123456,9123456
111700000,50,3.15491388286496,33,45123456,9123456
111800000,50,2.75931734542454,32.8,45123456,9123456
111900000,50,2.36261711783635,32.6,45123456,9123456
112000000,50,1.96497187490217,32.4,45123456,9123456
112100000,50,1.56654066941731,32.2,45123456,9123456
112200000,50,1.1674828685516,32,45123456,9123456
112300000,50,0.767958090104708,31.8,45123456,9123456
112400000,50,0.368126138661076,31.6,45123456,9123456
112500000,50,0.0318530583297366,31.4,45123456,9123456
112600000,50,0.431819514521919,31.2,45123456,9123456
112700000,50,0.83161324866581,31,45123456,9123456
112800000,50,1.23107434859826,30.8,45123456,9123456
112900000,50,1.63004303520538,30.6,45123456,9123456
113000000,50,2.02835972633204,30.4,45123456,9123456
113100000,50,2.4258651006126,30.2,45123456,9123456
113200000,50,2.82240016119734,30,45123456,9123456
113300000,50,3.21780629934912,29.8,45123456,9123456
113400000,50,3.61192535788466,29.6,45123456,9123456
113500000,50,4.00459969443541,29.4,45123456,9123456
113600000,50,4.39567224450234,29.2,45123456,9123456
113700000,50,4.78498658427965,29,45123456,9123456
113800000,50,5.17238699322222,28.8,45123456,9123456
113900000,50,5.55771851633174,28.6,45123456,9123456
114000000,50,5.94082702613665,28.4,45123456,9123456
114100000,50,6.32155928434108,28.2,45123456,9123456
114200000,50,6.6997630031181,28,45123456,9123456
114300000,50,7.07528690602286,27.8,45123456,9123456
114400000,50,7.44798078850111,27.6,45123456,9123456
114500000,50,7.81769557796904,27.4,45123456,9123456
114600000,50,8.18428339344035,27.2,45123456,9123456
114700000,50,8.5475976046766,27,45123456,9123456
114800000,50,8.90749289083742,26.8,45123456,9123456
114900000,50,9.2638252986069,26.6,45123456,9123456
115000000,50,9.61645229977297,26.4,45123456,9123456
115100000,50,9.96523284823677,26.2,45123456,9123456
115200000,50,10.3100274364293,26,45123456,9123456
115300000,50,10.6506981511124,25.8,45123456,9123456
115400000,50,10.9871087285425,25.6,45123456,9123456
115500000,50,11.3191246089741,25.4,45123456,9123456
115600000,50,11.6466129904816,25.2,45123456,9123456
115700000,50,11.9694428820791,25,45123456,9123456
115800000,50,12.2874851561142,24.8,45123456,9123456
115900000,50,12.6006125999178,24.6,45123456,9123456
116000000,50,12.9086999666874,24.4,45123456,9123456
116100000,50,13.211624025584,24.2,45123456,9123456
116200000,50,13.509263611023,24,45123456,9123456
116300000,50,13.8014996711387,23.8,45123456,9123456
116400000,50,14.0882153154035,23.6,45123456,9123456
116500000,50,14.3692958613825,23.4,45123456,9123456
116600000,50,14.644628880605,23.2,45123456,9123456
116700000,50,14.9141042435344,23,45123456,9123456
116800000,50,15.1776141636184,22.8,45123456,9123456
116900000,50,15.4350532404025,22.6,45123456,9123456
117000000,50,15.6863185016884,22.4,45123456,9123456
117100000,50,15.9313094447217,22.2,45123456,9123456
117200000,50,16.1699280763918,22,45123456,9123456
117300000,50,16.4020789524275,21.8,45123456,9123456
117400000,50,16.6276692155737,21.6,45123456,9123456
117500000,50,16.8466086327329,21.4,45123456,9123456
117600000,50,17.0588096310575,21.2,45123456,9123456
117700000,50,17.2641873329775,21,45123456,9123456
117800000,50,17.4626595901503,20.8,45123456,9123456
117900000,50,17.6541470163195,20.6,45123456,9123456
118000000,50,17.8385730190676,20.4,45123456,9123456
118100000,50,18.0158638304525,20.2,45123456,9123456
118200000,50,18.1859485365136,20,45123456,9123456
118300000,50,18.3487591056362,19.8,45123456,9123456
118400000,50,18.5042304157634,19.6,45123456,9123456
118500000,50,18.652300280444,19.4,45123456,9123456
118600000,50,18.7929094737065,19.2,45123456,9123456
118700000,50,18.9260017537483,19,45123456,9123456
118800000,50,19.0515238854319,18.8,45123456,9123456
118900000,50,19.1694256615783,18.6,45123456,9123456
119000000,50,19.279659923049,18.4,45123456,9123456
119100000,50,19.3821825776091,18.2,45123456,9123456
119200000,50,19.4769526175639,18,45123456,9123456
119300000,50,19.5639321361609,17.8,45123456,9123456
119400000,50,19.6430863427524,17.6,45123456,9123456
119500000,50,19.7143835767111,17.4,45123456,9123456
119600000,50,19.777795320094,17.2,45123456,9123456
119700000,50,19.8332962090494,17,45123456,9123456
119800000,50,19.8808640439615,16.8,45123456,9123456
119900000,50,19.9204797983307,16.6,45123456,9123456
120000000,50,19.9521276263835,16.4,45123456,9123456
120100000,50,19.9757948694105,16.2,45123456,9123456
120200000,50,19.9914720608301,16,45123456,9123456
120300000,50,19.9991529299748,15.8,45123456,9123456
120400000,50,19.9988344045993,15.6,45123456,9123456
120500000,50,19.9905166121096,15.4,45123456,9123456
120600000,50,19.9742028795117,15.2,45123456,9123456
120700000,50,19.9498997320811,15,45123456,9123456
120800000,50,19.9176168907528,14.8,45123456,9123456
120900000,50,19.8773672682329,14.6,45123456,9123456
121000000,50,19.8291669638337,14.4,45123456,9123456
121100000,50,19.7730352570344,14.2,45123456,9123456
121200000,50,19.7089945997692,14,45123456,9123456
121300000,50,19.6370706074472,13.8,45123456,9123456
121400000,50,19.5572920487063,13.6,45123456,9123456
121500000,50,19.4696908339064,13.4,45123456,9123456
121600000,50,19.3743020023653,13.2,45123456,9123456
121700000,50,19.2711637083439,13,45123456,9123456
121800000,50,19.1603172057845,12.8,45123456,9123456
121900000,50,19.0418068318103,12.6,45123456,9123456
122000000,50,18.9156799889908,12.4,45123456,9123456
122100000,50,18.7819871263814,12.2,45123456,9123456
122200000,50,18.6407817193445,12,45123456,9123456
122300000,50,18.4921202481604,11.8,45123456,9123456
122400000,50,18.3360621754353,11.6,45123456,9123456
122500000,50,18.1726699223177,11.4,45123456,9123456
122600000,50,18.0020088435301,11.2,45123456,9123456
122700000,50,17.8241472012287,11,45123456,9123456
122800000,50,17.639156137699,10.8,45123456,9123456
122900000,50,17.4471096468997,10.6,45123456,9123456
123000000,50,17.2480845448668,10.4,45123456,9123456
123100000,50,17.0421604389873,10.2,45123456,9123456
123200000,50,16.8294196961579,10,45123456,9123456
123300000,50,16.6099474098394,9.8,45123456,9123456
123400000,50,16.38383136602,9.6,45123456,9123456
123500000,50,16.1511620081023,9.4,45123456,9123456
123600000,50,15.9120324007273,9.2,45123456,9123456
123700000,50,15.6665381925497,9,45123456,9123456
123800000,50,15.4147775779794,8.8,45123456,9123456
123900000,50,15.1568512579055,8.6,45123456,9123456
124000000,50,14.8928623994172,8.4,45123456,9123456
124100000,50,14.6229165945379,8.2,45123456,9123456
124200000,50,14.3471218179905,8,45123456,9123456
124300000,50,14.0655883840082,7.8,45123456,9123456
124400000,50,13.778428902211,7.6,45123456,9123456
124500000,50,13.4857582325629,7.4,45123456,9123456
124600000,50,13.1876934394295,7.2,45123456,9123456
124700000,50,12.8843537447538,7,45123456,9123456
124800000,50,12.5758604803694,6.8,45123456,9123456
124900000,50,12.2623370394687,6.6,45123456,9123456
125000000,50,11.9439088272478,6.4,45123456,9123456
125100000,50,11.6207032107461,6.2,45123456,9123456
125200000,50,11.2928494679007,6,45123456,9123456
125300000,50,10.9604787358375,5.8,45123456,9123456
125400000,50,10.6237239584177,5.6,45123456,9123456
125500000,50,10.2827198330623,5.4,45123456,9123456
125600000,50,9.93760275687473,5.2,45123456,9123456
125700000,50,9.58851077208406,5,45123456,9123456
125800000,50,9.23558351082966,4.8,45123456,9123456
125900000,50,8.8789621393104,4.6,45123456,9123456
126000000,50,8.51878930131999,4.4,45123456,9123456
126100000,50,8.1552090611914,4.2,45123456,9123456
126200000,50,7.78836684617301,4,45123456,9123456
126300000,50,7.41840938825965,3.8,45123456,9123456
126400000,50,7.0454846655018,3.6,45123456,9123456
126500000,50,6.66974184281629,3.4,45123456,9123456
126600000,50,6.29133121232236,3.2,45123456,9123456
126700000,50,5.91040413322679,3,45123456,9123456
126800000,50,5.52711297128228,2.8,45123456,9123456
126900000,50,5.1416110378431,2.6,45123456,9123456
127000000,50,4.75405252854269,2.4,45123456,9123456
127100000,50,4.36459246161739,2.2,45123456,9123456
127200000,50,3.97338661590122,2,45123456,9123456
127300000,50,3.58059146851648,1.8,45123456,9123456
127400000,50,3.18636413228492,1.6,45123456,9123456
127500000,50,0,1.4,45123456,9123456
127600000,50,0,1.2,45123456,9123456
127700000,50,0,1,45123456,9123456
127800000,50,0,0.8,45123456,9123456
127900000,50,0,0.6,45123456,9123456
128000000,50,0,0.4,45123456,9123456
128100000,50,0,0.2,45123456,9123456
128200000,50,0,0,45123456,9123456
128300000,50,0,0,45123456,9123456
128400000,50,0,0,45123456,9123456
128500000,50,0,0,45123456,9123456
128600000,50,0,0,45123456,9123456
128700000,50,0,0,45123456,9123456
128800000,50,0,0,45123456,9123456
128900000,50,0,0,45123456,9123456
129000000,50,0,0,45123456,9123456
129100000,50,0,0,45123456,9123456
129200000,50,0,0,45123456,9123456
129300000,50,0,0,45123456,9123456
129400000,50,0,0,45123456,9123456
129500000,50,0,0,45123456,9123456
129600000,50,0,0,45123456,9123456
129700000,50,0,0,45123456,9123456
129800000,50,0,0,45123456,9123456
129900000,50,0,0,45123456,9123456
130000000,50,0,0,45123456,9123456
130100000,50,0,0,45123456,9123456
130200000,50,0,0,45123456,9123456
130300000,50,0,0,45123456,9123456
130400000,50,0,0,45123456,9123456
130500000,50,0,0,45123456,9123456
130600000,50,0,0,45123456,9123456
130700000,50,0,0,45123456,9123456
130800000,50,0,0,45123456,9123456
130900000,50,0,0,45123456,9123456
131000000,50,0,0,45123456,9123456
131100000,50,0,0,45123456,9123456
131200000,50,0,0,45123456,9123456
131300000,50,0,0,45123456,9123456
131400000,50,0,0,45123456,9123456
131500000,50,0,0,45123456,9123456
131600000,50,0,0,45123456,9123456
131700000,50,0,0,45123456,9123456
131800000,50,0,0,45123456,9123456
131900000,50,0,0,45123456,9123456
132000000,50,0,0,45123456,9123456